timestamp,station_id,lat,lon,rainfall_mm
2026-09-07T15:00:00,gauge_01,12.937491,77.620618,0.62
2026-09-07T15:00:00,gauge_02,12.949014,77.649097,0.16
2026-09-07T15:00:00,gauge_03,12.94464,77.644973,0.0
2026-09-07T15:00:00,gauge_04,12.941973,77.62637,0.0
2026-09-07T15:00:00,gauge_05,12.93312,77.625455,2.02
2026-09-07T15:00:00,gauge_06,12.93312,77.625502,1.17
2026-09-07T15:00:00,gauge_07,12.931162,77.629127,0.94
2026-09-07T15:00:00,gauge_08,12.947324,77.635743,0.0
2026-09-07T15:00:00,gauge_09,12.942022,77.632958,0.0
2026-09-07T15:00:00,gauge_10,12.944161,77.628737,0.26
2026-09-07T15:15:00,gauge_01,12.937491,77.620618,11.47
2026-09-07T15:15:00,gauge_02,12.949014,77.649097,0.19
2026-09-07T15:15:00,gauge_03,12.94464,77.644973,0.0
2026-09-07T15:15:00,gauge_04,12.941973,77.62637,6.31
2026-09-07T15:15:00,gauge_05,12.93312,77.625455,14.63
2026-09-07T15:15:00,gauge_06,12.93312,77.625502,15.83
2026-09-07T15:15:00,gauge_07,12.931162,77.629127,11.6
2026-09-07T15:15:00,gauge_08,12.947324,77.635743,0.12
2026-09-07T15:15:00,gauge_09,12.942022,77.632958,3.55
2026-09-07T15:15:00,gauge_10,12.944161,77.628737,3.07
2026-09-07T15:30:00,gauge_01,12.937491,77.620618,21.25
2026-09-07T15:30:00,gauge_02,12.949014,77.649097,0.0
2026-09-07T15:30:00,gauge_03,12.94464,77.644973,0.0
2026-09-07T15:30:00,gauge_04,12.941973,77.62637,16.55
2026-09-07T15:30:00,gauge_05,12.93312,77.625455,28.82
2026-09-07T15:30:00,gauge_06,12.93312,77.625502,28.54
2026-09-07T15:30:00,gauge_07,12.931162,77.629127,24.4
2026-09-07T15:30:00,gauge_08,12.947324,77.635743,2.74
2026-09-07T15:30:00,gauge_09,12.942022,77.632958,9.86
2026-09-07T15:30:00,gauge_10,12.944161,77.628737,10.67
2026-09-07T15:45:00,gauge_01,12.937491,77.620618,21.22
2026-09-07T15:45:00,gauge_02,12.949014,77.649097,0.8
2026-09-07T15:45:00,gauge_03,12.94464,77.644973,2.15
2026-09-07T15:45:00,gauge_04,12.941973,77.62637,23.35
2026-09-07T15:45:00,gauge_05,12.93312,77.625455,31.49
2026-09-07T15:45:00,gauge_06,12.93312,77.625502,31.2
2026-09-07T15:45:00,gauge_07,12.931162,77.629127,29.45
2026-09-07T15:45:00,gauge_08,12.947324,77.635743,7.68
2026-09-07T15:45:00,gauge_09,12.942022,77.632958,21.21
2026-09-07T15:45:00,gauge_10,12.944161,77.628737,19.58
2026-09-07T16:00:00,gauge_01,12.937491,77.620618,14.03
2026-09-07T16:00:00,gauge_02,12.949014,77.649097,0.7
2026-09-07T16:00:00,gauge_03,12.94464,77.644973,4.78
2026-09-07T16:00:00,gauge_04,12.941973,77.62637,24.18
2026-09-07T16:00:00,gauge_05,12.93312,77.625455,22.67
2026-09-07T16:00:00,gauge_06,12.93312,77.625502,22.91
2026-09-07T16:00:00,gauge_07,12.931162,77.629127,23.55
2026-09-07T16:00:00,gauge_08,12.947324,77.635743,11.92
2026-09-07T16:00:00,gauge_09,12.942022,77.632958,27.24
2026-09-07T16:00:00,gauge_10,12.944161,77.628737,22.68
2026-09-07T16:15:00,gauge_01,12.937491,77.620618,6.26
2026-09-07T16:15:00,gauge_02,12.949014,77.649097,2.23
2026-09-07T16:15:00,gauge_03,12.94464,77.644973,7.14
2026-09-07T16:15:00,gauge_04,12.941973,77.62637,14.66
2026-09-07T16:15:00,gauge_05,12.93312,77.625455,11.02
2026-09-07T16:15:00,gauge_06,12.93312,77.625502,11.67
2026-09-07T16:15:00,gauge_07,12.931162,77.629127,12.59
2026-09-07T16:15:00,gauge_08,12.947324,77.635743,14.52
2026-09-07T16:15:00,gauge_09,12.942022,77.632958,21.19
2026-09-07T16:15:00,gauge_10,12.944161,77.628737,16.79
2026-09-07T16:30:00,gauge_01,12.937491,77.620618,1.34
2026-09-07T16:30:00,gauge_02,12.949014,77.649097,1.51
2026-09-07T16:30:00,gauge_03,12.94464,77.644973,5.0
2026-09-07T16:30:00,gauge_04,12.941973,77.62637,3.49
2026-09-07T16:30:00,gauge_05,12.93312,77.625455,2.31
2026-09-07T16:30:00,gauge_06,12.93312,77.625502,2.62
2026-09-07T16:30:00,gauge_07,12.931162,77.629127,3.86
2026-09-07T16:30:00,gauge_08,12.947324,77.635743,6.87
2026-09-07T16:30:00,gauge_09,12.942022,77.632958,8.52
2026-09-07T16:30:00,gauge_10,12.944161,77.628737,5.51
2026-09-07T16:45:00,gauge_01,12.937491,77.620618,2.16
2026-09-07T16:45:00,gauge_02,12.949014,77.649097,10.33
2026-09-07T16:45:00,gauge_03,12.94464,77.644973,22.18
2026-09-07T16:45:00,gauge_04,12.941973,77.62637,8.77
2026-09-07T16:45:00,gauge_05,12.93312,77.625455,3.49
2026-09-07T16:45:00,gauge_06,12.93312,77.625502,3.96
2026-09-07T16:45:00,gauge_07,12.931162,77.629127,4.55
2026-09-07T16:45:00,gauge_08,12.947324,77.635743,23.34
2026-09-07T16:45:00,gauge_09,12.942022,77.632958,22.27
2026-09-07T16:45:00,gauge_10,12.944161,77.628737,12.16
2026-09-07T17:00:00,gauge_01,12.937491,77.620618,0.61
2026-09-07T17:00:00,gauge_02,12.949014,77.649097,12.97
2026-09-07T17:00:00,gauge_03,12.94464,77.644973,21.0
2026-09-07T17:00:00,gauge_04,12.941973,77.62637,3.22
2026-09-07T17:00:00,gauge_05,12.93312,77.625455,0.3
2026-09-07T17:00:00,gauge_06,12.93312,77.625502,0.81
2026-09-07T17:00:00,gauge_07,12.931162,77.629127,1.42
2026-09-07T17:00:00,gauge_08,12.947324,77.635743,15.61
2026-09-07T17:00:00,gauge_09,12.942022,77.632958,11.61
2026-09-07T17:00:00,gauge_10,12.944161,77.628737,6.16
2026-09-07T17:15:00,gauge_01,12.937491,77.620618,1.04
2026-09-07T17:15:00,gauge_02,12.949014,77.649097,12.27
2026-09-07T17:15:00,gauge_03,12.94464,77.644973,14.89
2026-09-07T17:15:00,gauge_04,12.941973,77.62637,0.95
2026-09-07T17:15:00,gauge_05,12.93312,77.625455,0.0
2026-09-07T17:15:00,gauge_06,12.93312,77.625502,0.21
2026-09-07T17:15:00,gauge_07,12.931162,77.629127,0.42
2026-09-07T17:15:00,gauge_08,12.947324,77.635743,9.43
2026-09-07T17:15:00,gauge_09,12.942022,77.632958,4.48
2026-09-07T17:15:00,gauge_10,12.944161,77.628737,2.22
2026-09-07T17:30:00,gauge_01,12.937491,77.620618,0.0
2026-09-07T17:30:00,gauge_02,12.949014,77.649097,6.75
2026-09-07T17:30:00,gauge_03,12.94464,77.644973,7.15
2026-09-07T17:30:00,gauge_04,12.941973,77.62637,0.56
2026-09-07T17:30:00,gauge_05,12.93312,77.625455,0.43
2026-09-07T17:30:00,gauge_06,12.93312,77.625502,0.0
2026-09-07T17:30:00,gauge_07,12.931162,77.629127,0.76
2026-09-07T17:30:00,gauge_08,12.947324,77.635743,1.96
2026-09-07T17:30:00,gauge_09,12.942022,77.632958,1.43
2026-09-07T17:30:00,gauge_10,12.944161,77.628737,1.55
2026-09-07T17:45:00,gauge_01,12.937491,77.620618,0.0
2026-09-07T17:45:00,gauge_02,12.949014,77.649097,1.44
2026-09-07T17:45:00,gauge_03,12.94464,77.644973,1.2
2026-09-07T17:45:00,gauge_04,12.941973,77.62637,0.0
2026-09-07T17:45:00,gauge_05,12.93312,77.625455,0.0
2026-09-07T17:45:00,gauge_06,12.93312,77.625502,0.04
2026-09-07T17:45:00,gauge_07,12.931162,77.629127,0.0
2026-09-07T17:45:00,gauge_08,12.947324,77.635743,0.57
2026-09-07T17:45:00,gauge_09,12.942022,77.632958,0.0
2026-09-07T17:45:00,gauge_10,12.944161,77.628737,0.81
